<?xml version="1.0" encoding="UTF-8"?>
<!--
/*********************************************************************************
 * SugarCRM Community Edition is a customer relationship management program developed by
 * SugarCRM, Inc. Copyright (C) 2004-2013 SugarCRM Inc.
 * 
 * This program is free software; you can redistribute it and/or modify it under
 * the terms of the GNU Affero General Public License version 3 as published by the
 * Free Software Foundation with the addition of the following permission added
 * to Section 15 as permitted in Section 7(a): FOR ANY PART OF THE COVERED WORK
 * IN WHICH THE COPYRIGHT IS OWNED BY SUGARCRM, SUGARCRM DISCLAIMS THE WARRANTY
 * OF NON INFRINGEMENT OF THIRD PARTY RIGHTS.
 * 
 * This program is distributed in the hope that it will be useful, but WITHOUT
 * ANY WARRANTY; without even the implied warranty of MERCHANTABILITY or FITNESS
 * FOR A PARTICULAR PURPOSE.  See the GNU Affero General Public License for more
 * details.
 * 
 * You should have received a copy of the GNU Affero General Public License along with
 * this program; if not, see http://www.gnu.org/licenses or write to the Free
 * Software Foundation, Inc., 51 Franklin Street, Fifth Floor, Boston, MA
 * 02110-1301 USA.
 * 
 * You can contact SugarCRM, Inc. headquarters at 10050 North Wolfe Road,
 * SW2-130, Cupertino, CA 95014, USA. or at email address contact@sugarcrm.com.
 * 
 * The interactive user interfaces in modified source and object code versions
 * of this program must display Appropriate Legal Notices, as required under
 * Section 5 of the GNU Affero General Public License version 3.
 * 
 * In accordance with Section 7(b) of the GNU Affero General Public License version 3,
 * these Appropriate Legal Notices must retain the display of the "Powered by
 * SugarCRM" logo. If the display of the logo is not reasonably feasible for
 * technical reasons, the Appropriate Legal Notices must display the words
 * "Powered by SugarCRM".
 ********************************************************************************/

-->
<sugarcolors version="1.0">
    <charts>
        <docBorder>0xcccccc</docBorder>
        <docBackground>0xffffff</docBackground>
        <labelFontFamily>Arial</labelFontFamily>
        <labelFontColor>0x000000</labelFontColor>
        <scrollButtonFill>0x999999</scrollButtonFill>
        <scrollButtonArrow>0x333333</scrollButtonArrow>
        <scrollBarHighlight>off</scrollBarHighlight>
        <scrollBarFill>0xcccccc</scrollBarFill>
        <scrollBarEdge>0x777777</scrollBarEdge>
        <scrollBarTrackFill>0xdddddd</scrollBarTrackFill>
        <scrollBarTrackEdge>0x999999</scrollBarTrackEdge>

        <chartGlow>0xffffff</chartGlow>
        <chartFill>0xBBBBBB</chartFill>
        <chartEdge>off</chartEdge>
        <chartHighlight>0xeeeeee</chartHighlight>
        <chartHighlightAlpha>off</chartHighlightAlpha>

        <lineThickness>1</lineThickness>
        <gridLineThickness>1</gridLineThickness>
        <linesOn>on</linesOn>

        <needleColor>0xff0000</needleColor>
        <needleAlpha>50</needleAlpha>

        <yAxisBack>off</yAxisBack>
        <gridLines>0xcccccc</gridLines>

        <legendFill>0xf0f0f0</legendFill>
        <legendEdge>0xdddddd</legendEdge>
        <legendFill2>0xf0f0f0</legendFill2>
        <legendEdge2>off</legendEdge2>
        <legendEntryEdge>0x999999</legendEntryEdge>

        <toolTipAlpha>80</toolTipAlpha>
        <toolTipBack>0xffffff</toolTipBack>
        <toolTipBorder>0x666666</toolTipBorder>

        <flyOutAlpha>100</flyOutAlpha>
        <flyOutBack>0xdddddd</flyOutBack>
        <flyOutTitleBack>0x333333</flyOutTitleBack>
        <flyOutBorder>0x000000</flyOutBorder>
        <flyOutDisplayDisabled>off</flyOutDisplayDisabled>

        <thumbnailEdge>0xeeeeee</thumbnailEdge>
        <thumbnailColor1>0xDD5555</thumbnailColor1>
        <thumbnailColor2>0xDDAA55</thumbnailColor2>
        <thumbnailColor3>0x5555AA</thumbnailColor3>

        <printEdge>0xffffff</printEdge>
        <printFill>0xffffff</printFill>

        <labelColor>style</labelColor>
        <chartElementColors>
            <color>0x8c2b2b</color>
            <color>0x468c2b</color>
            <color>0x2b5d8c</color>
            <color>0xcd5200</color>
            <color>0xe6bf00</color>
            <color>0x7f3acd</color>
            <color>0x00a9b8</color>
            <color>0x572323</color>
            <color>0x004d00</color>
            <color>0x000087</color>
            <color>0xe48d30</color>
            <color>0x9fba09</color>
            <color>0x560066</color>
            <color>0x009f92</color>
            <color>0xb36262</color>
            <color>0x38795c</color>
            <color>0x3D3D99</color>
            <color>0x99623d</color>
            <color>0x998a3d</color>
            <color>0x994e78</color>
            <color>0x3d6899</color>
            <color>0xCC0000</color>
            <color>0x00CC00</color>
            <color>0x0000CC</color>
            <color>0xcc5200</color>
            <color>0xccaa00</color>
            <color>0x6600cc</color>
            <color>0x005fcc</color>
        </chartElementColors>
        <gaugeChartElementColors>
            <color>0xcc0000</color>
            <color>0x990000</color>
            <color>0xe65c00</color>
            <color>0xe6bf00</color>
            <color>0x009900</color>
        </gaugeChartElementColors>

        <fadedEdges>off</fadedEdges>

        <lightColor>0.2</lightColor>
        <darkColor>0.2</darkColor>
        <darkerColor>0.45</darkerColor>

        <squeezedPieWedgeLabel>on</squeezedPieWedgeLabel>
        <squeezedPieWedgeThreshold>0.22</squeezedPieWedgeThreshold>
        <pieLabelBackFill>0xeeeeee</pieLabelBackFill>
        <pieLabelBackEdge>0x666666</pieLabelBackEdge>
        <pieLabelAlpha>100</pieLabelAlpha>
    </charts>
</sugarcolors>
